Otázka;Odpověď
Kde se ve starověku nacházely úrodné nížiny na Apeninském poloostrově?;Na severu v oblasti dnešní Itálie.
Jaké pohoří táhnoucí se ze severu na jih zabírá hlavní část Apeninského poloostrova?;Pohoří Apeniny.
Které tři nejvýznamnější kmeny žily na Apeninském poloostrově?;Italikové, Etruskové a Latinové.
V jakém století ovládli Etruskové třetinu Apeninského poloostrova?;V 6. století př. n. l.
Čím se vyznačovali Etruskové na italském území?;Zakládali města, zúrodňovali krajinu, zanechali umělecká díla a bohaté hrobky.
Kdy byl podle pověsti založen Řím a kým?;Roku 753 př. n. l. Romulem.
Jak vznikl Řím ve skutečnosti?;Spojením více osad ležících u řeky Tibery v jeden celek (díky Etruskům).
Jaké stavby byly vybudovány v Římě v době královské?;Stoka Cloaca Maxima a náměstí Forum Romanum.
Na jaké dvě hlavní skupiny se dělilo obyvatelstvo Říma podle urozenosti?;Na patricije a plebeje.
Původu kterého národa byli poslední tři říští králové?;Etruského původu.
Kdy a jak skončila doba královská v Římě?;Roku 510 př. n. l. vyhnáním posledního krále, čímž vznikla republika.
Kdo stál v čele římské republiky?;Dva konzulové nebo jeden diktátor (za účasti senátu a sněmů).
Co si vymohli plebejové během sporů s patriciji o občanská práva?;Zřízení funkce tribunů lidu a sepsání zákonů.
Který kmen ohrozil a vypálil Řím ve 4. století př. n. l.?;Keltové (Galové).
Co bylo povinností každého svobodného římského občana v republice?;Služba ve výborně organizované armádě.
Mezi kým probíhaly punské války (264–146 př. n. l.) a jak skončily?;"Mezi Římem a Kartágem; zvítězili Římané."
Která území ovládli Římané do poloviny 2. století př. n. l.?;Makedonii a Řecko (stali se nejmocnější říší ve Středomoří).
Co znamená pojem provincie?;Území mimo Apeninský poloostrov spravované římskými úředníky.
Jaké byly hlavní příčiny krize římské republiky?;Problémy drobných rolníků, armády, vzpoury otroků a problémy s řízením říše.
Kdy proběhlo a kdo vedl nejrozsáhlejší povstání otroků a gladiátorů?;V letech 73–71 př. n. l. Spartakus.
Kdy vznikl 1. triumvirát a kdo ho tvořil?;Roku 60 př. n. l. jako tajná dohoda Caesara, Pompeia a Crassa.
Proti komu byl namířen 1. triumvirát?;Proti senátu.
Jak se Caesar dostal k neomezené moci?;Zvítězil v občanské válce nad Pompeiem a prohlásil se diktátorem.
Jaké reformy provedl Gaius Julius Caesar?;Reformu kalendáře a výměnu úředníků.
Kdy a proč byl zavražděn Julius Caesar?;Roku 44 př. n. l. v senátu skupinou senátorů, kterým vadila jeho neomezená moc.
Kdo tvořil 2. triumvirát?;Octavianus, Marcus Antonius a Lepidus.
Která bitva ukončila římskou republiku a kdy proběhla?;Bitva u Actia roku 31 př. n. l. (Octavianus porazil Marca Antonia).
Kdy se Octavianus stal prvním římským císařem?;Roku 27 př. n. l. (přijal titul Augustus).
Jak se nazývá období vlády prvních císařů?;Principát (formálně zachovával republikánské úřady, ale moc držel císař).
Co znamenají pojmy triumvirát, občanská válka a praetoriánská garda?;"Triumvirát = spolek 3 mužů; Občanská válka = válka uvnitř státu; Praetoriánská garda = osobní stráž císařů."
Čím se proslavil císař Octavianus Augustus?;Zahájil přestavbu Říma, podporoval umění (zlatý věk kultury) a porazil Antonia.
Jaké vlastnosti a činy charakterizují císaře Caligulu?;Přezdívaný 'Botička', šílenec a sadista, jmenoval koně senátorem, zavražděn praetoriány.
Čím byl typický císař Claudius?;Tělesně postižený (kulhal, koktal), vzdělaný autor historických děl, zahájil dobývání Británie.
Jaké panování předvedl císař Nero?;Nechal zavraždit matku i bratra, zapálil Řím, zahájil pronásledování křesťanů a spáchal sebevraždu.
Co se stalo v roce 79 n. l.?;Vybuchla sopka Vesuv a zasypala města Pompeje a Herculaneum.
Za kterého císaře dosáhla Římská říše největšího územního rozsahu?;Za císaře Traiana.
Co je to Limes Romanus a Hadrianův val?;"Limes Romanus = pohraniční opevnění říše; Hadrianův val = opevnění na území dnešní Velké Británie."
Které kmeny napadly Řím za vlády Marca Aurelia?;Barbarské germánské kmeny Markomanů a Kvádů (byly poraženy).
Jak se nazývá období vlády po principátu zavedené císařem Diocletianem?;Dominát (zavedl spoluvládce a tetrarchii).
Co zavedl Edikt milánský a kdo jej vydal?;Roku 313 n. l. jej vydal Konstantin I. a zrovnoprávnil křesťanství s ostatními náboženstvími.
Jaké nové hlavní město založil císař Konstantin I. roku 330 n. l.?;Konstantinopolis (dnešní Istanbul).
Kdy došlo k oficiálnímu rozdělení Římské říše a na jaké části?;Roku 395 n. l. na Západořímskou a Východořímskou říši.
Co bylo hlavní příčinou stěhování národů na přelomu 4. a 5. století?;Vpád Hunů pod vedením krále Attily, před nimiž ustupovaly germánské kmeny.
Kdy zanikla Západořímská říše a co tento rok symbolizuje?;"Roku 476 n. l. (sesazením posledního císaře); označuje konec starověku a počátek středověku."
