Otázka;Odpověď
Kde žije lední medvěd a kde tučňáci?;Lední medvěd v Arktidě, tučňáci v Antarktidě.
Kde je zakázána těžba nerostných surovin?;V Antarktidě.
Které rostliny rostou v polárních pustinách?;Mechy a lišejníky.
Jak člověk využívá Arktidu? (3 příklady);Doprava, vojenské základny a těžba přírodního bohatství.
Jak dlouho trvá polární den a polární noc na pólu?;Asi půl roku.
Charakterizuj polární pustiny.;Zasněžené a zaledněné pustiny kolem pólů: Arktida na severu (zamrzlý oceán) a Antarktida na jihu (kontinent).
Kde se rozkládá tundra?;Na jih od arktických pustin, na severu Evropy, Asie a Severní Ameriky.
Které rostliny rostou v tundře?;Lišejníky, nízké keříky, trsy travin a zakrslé břízy a vrby.
Kteří živočichové jsou v tundře nejhojnější?;Komáři.
Kteří savci žijí v tundře?;Lumíci, sob polární, liška polární a vlk polární.
Kteří ptáci žijí v tundře?;Sovice sněžná a husa sněžná.
Co je tajga?;Severský jehličnatý les na pomezí mírného a subpolárního pásu.
Kde se tajga vyskytuje?;Jen na severní polokouli: v Kanadě, ve Skandinávii a na Sibiři.
Co tvoří největší lesní celek světa?;Kanadská tajga spolu se sibiřskou tajgou.
Které stromy rostou v tajze? (3 příklady);Smrk, jedle a borovice (také modřín).
Kteří živočichové žijí v tajze? (3 příklady);Medvěd hnědý, los a bobr.
Jak člověk využívá tajgu?;Těžba dřeva a výroba papíru.
Charakterizuj lesy mírného pásu.;Listnaté a smíšené lesy v mírném pásu s dostatkem srážek.
Jak člověk hospodářsky využívá lesy mírného pásu? (2 příklady);Těžba dřeva a dřevo jako zdroj energie.
Která zvířata žijí v lesích mírného pásu? (3 příklady);Srnec obecný, prase divoké a liška obecná.
Které rostliny rostou v lesích mírného pásu? (3 příklady);Dub, buk lesní a líska.
Jaký ekologický význam mají lesy mírného pásu? (2 příklady);Zadržují vodu a chrání půdu.
Charakterizuj step.;Travnatá krajina mírného pásu bez stromů, s nedostatkem srážek.
Jakých teplot dosahují stepi?;V létě kolem 20 až 25 °C, v zimě kolem −10 až −15 °C.
Které rostliny rostou ve stepi? (3 příklady);Traviny, pelyněk a hlaváček.
K čemu člověk využívá step?;K pěstování obilovin a chovu dobytka.
Které stepní zvíře vypadá jako kříženec zajíce, srnky a klokana?;Mara stepní (je to hlodavec).
Jak se nazývá step v Severní Americe?;Prérie.
Jak se nazývá step v Jižní Americe?;Pampa.
Jak se nazývá step v Maďarsku?;Pusta.
Jak se nazývá step v Kazachstánu?;Celina.
Kde najdeme step v České republice?;Na jižní Moravě.
Jaké teploty panují v subtropických oblastech?;V létě asi 24 až 32 °C, v zimě asi 8 až 15 °C.
Jaké ovoce se pěstuje v subtropech?;Pomeranče, fíky, citrony a vinná réva.
Jaká zvířata převážně žijí v subtropech?;Ovce, kozy, ptáci a plazi.
Mezi jakými rovnoběžkami najdeme subtropické oblasti?;Od obratníku až po zhruba 40° zeměpisné šířky.
Čím se liší vlhké subtropy od suchých?;Množstvím srážek.
Jaké rostliny rostou na poušti? (3 příklady);Kaktusy, aloe a velvíčie podivná.
Jak člověk využívá poušť?;Těžba ropy a sluneční a větrné elektrárny.
Která zvířata žijí na poušti? (3 příklady);Velbloud, surikata a kobra.
Kolik listů má velvíčie podivná (Welwitschia)?;Dva (rostou jí celý život).
Charakterizuj poušť.;Velmi málo srážek, velké rozdíly teplot mezi dnem a nocí a řídká vegetace.
Uveď příklady pouští ve světě. (3 příklady);Sahara (Afrika), Velká písečná poušť (Austrálie) a Atacama (Jižní Amerika).
Co je to dezertifikace?;Rozšiřování pouští.
Jaká jsou hlavní období v savaně?;Období dešťů a období sucha.
Jak může člověk využít savanu?;Pastviny pro chov dobytka, zemědělství, těžba dřeva a cestovní ruch.
Jaký strom roste v savanách?;Akácie s plochou korunou.
Která zvířata žijí v savanách? (3 příklady);Sloni, žirafy a zebry.
V jakém podnebném pásu leží savany a co jsou zač?;V tropickém pásu – travnaté oblasti s roztroušenými stromy mezi pouštěmi a deštnými lesy.
Jak velkou plochu pokrývají tropické deštné lesy?;Asi 15 milionů km².
Kolik procent souše pokrývají tropické deštné lesy?;Asi 6 %.
Které rostliny rostou v tropickém deštném lese? (2 příklady);Kakaovník a orchideje.
Jak může člověk využít tropický deštný les?;Těžba dřeva a pěstování plodin (kakao, banány).
Proč se tropickým deštným lesům říká lékárna světa?;Roste v nich mnoho léčivých rostlin.
Co umí lenochod?;Plavat.
Charakterizuj tropický deštný les.;Horko a vlhko po celý rok, hodně srážek a les uspořádaný do pater.
Kde se ve světě nacházejí tropické deštné lesy?;V tropickém pásu kolem rovníku: Amazonie, povodí Konga a jihovýchodní Asie.
